"","Performance","Treatment","Attendance","Attendance_c"
"1",77.7021228705811,0,88.963101597832,9.70369672206147
"2",76.4270112502039,0,88.8425118830421,9.58310700727154
"3",61.5063739494666,1,62.6843350953544,-16.5750697804161
"4",76.4659254778939,0,83.4014725268809,4.14206765111038
"5",87.2554365970429,0,94.5677883184551,15.3083834426846
"6",67.5075738678993,1,72.9988244959499,-6.26058037982065
"7",64.1818623605929,1,73.5874298326778,-5.67197504309276
"8",70.1525878117324,0,79.7677085309621,0.508303655191526
"9",63.3345711104917,1,66.316167687165,-12.9432371886055
"10",76.1826538837002,0,86.4658211443344,7.20641626856387
"11",70.2758952904319,1,74.3746815496386,-4.88472332613199
"12",53.5129844082277,1,59.7314761271111,-19.5279287486595
"13",70.7635005548854,0,87.3214429783212,8.06203810255063
"14",62.6369889200352,1,63.8754215827925,-15.383983292978
"15",64.9076786482191,1,68.3968531991673,-10.8625516766032
"16",55.6148035516003,1,69.3556646933134,-9.90374018245713
"17",50.3091491942356,1,59.927687276734,-19.3317175990366
"18",70.3073488003903,0,81.0735751289247,1.81417025315415
"19",71.4468116851551,0,83.1062524478083,3.84684757203777
"20",62.7503596329249,1,68.0687955635997,-11.1906093121709
"21",69.6799076502619,0,80.710979442295,1.45157456652449
"22",82.4537211428341,0,88.3136621196727,9.05425724390217
"23",71.073379510102,0,82.534881397668,3.27547652189747
"24",62.3511544706543,1,69.4536655409701,-9.80573933480042
"25",46.6544472912121,1,58.1858189785366,-21.073585897234
"26",73.2166794668918,0,81.7324613373921,2.47305646162158
"27",63.5704079374008,1,72.292507425267,-6.9668974505035
"28",69.7800138763239,0,85.0734959446062,5.81409106883561
"29",51.3569098990541,1,60.6242307689283,-18.6351741068422
"30",27.0317285472949,1,41.6815023920224,-37.5779024837481
"31",41.4625974229591,1,50.8738538259138,-28.3855510498567
"32",58.4703137569035,1,68.3801350752632,-10.8792698005073
"33",67.6061484413798,0,85.5770760236629,6.31767114789233
"34",68.1646846783511,1,78.5861032611955,-0.673301614575024
"35",66.6994979886148,1,76.6815715216262,-2.5778333541443
"36",72.2594773349878,1,73.5951042744764,-5.66430060129417
"37",69.3238456793614,1,73.5914080538915,-5.66799682187909
"38",58.9456407472552,1,70.7560860639676,-8.50331881180298
"39",32.5229280450439,1,42.631301053728,-36.6281038220426
"40",90.7339772976375,0,92.6001186513591,13.3407137755885
"41",49.6106250137579,1,53.8174060105349,-25.4419988652356
"42",70.9069242705166,1,72.8543246252883,-6.4050802504822
"43",60.7809308292604,0,88.3101970574238,9.05079218165328
"44",54.6199227047691,1,68.0597977272473,-11.1996071485233
"45",75.4812126949738,0,84.339281704214,5.07987682844343
"46",58.461005724068,0,81.3803670569744,2.12096218120382
"47",70.0275248181262,1,74.8023557928747,-4.45704908289588
"48",57.8985352992569,1,71.4459088687089,-7.81349600706166
"49",61.0345526780798,1,70.4772713938362,-8.78213348193432
"50",73.5061479298929,0,89.3812955075686,10.121890631798
"51",90.8888080278518,0,93.1658593117744,13.9064544360039
"52",61.3381267257538,1,69.019827706038,-10.2395771697325
"53",83.1755989571689,0,88.5621475623326,9.30274268656201
"54",46.4456008513171,1,64.7323134922476,-14.5270913835229
"55",43.1318937174669,1,59.271426926233,-19.9879779495375
"56",68.8585331985905,0,81.1318885891261,1.87248371335554
"57",65.6928830893463,0,84.5861527352339,5.32674785946332
"58",18.4772801778954,1,32.3097454516148,-46.9496594241558
"59",63.1683273496753,0,82.8251985334065,3.56579365763599
"60",67.6467662820037,0,84.5859722945181,5.3265674187476
"61",56.2504771880018,1,63.1177542942272,-16.1416505815433
"62",62.6192528350176,1,71.8520328529009,-7.40737202286961
"63",88.3598155961468,0,93.2635918380172,14.0041869622467
"64",73.861576765601,0,85.8451952483738,6.58579037260327
"65",81.8104013102593,0,85.1963485296381,5.93694365386752
"66",84.2008896681303,0,84.6634377002517,5.40403282448113
"67",66.0640561134342,0,82.8093304480038,3.54992557223324
"68",81.1497357833442,0,88.6978685124101,9.43846363663951
"69",73.8818606414706,0,91.0897072351234,11.8303023593529
"70",44.1314827122903,1,49.7557586529116,-29.5036462228589
"71",72.2022984728869,0,84.3145837009275,5.05517882515699
"72",92.8247733399384,0,94.6098996872789,15.3504948115084
"73",54.7721079731834,1,60.6511556483846,-18.608249227386
"74",67.0967613926123,1,71.2018725175296,-8.05753235824098
"75",77.2470123434615,0,87.4772987331788,8.21789385740823
"76",74.9081508557245,0,88.5739921144287,9.31458723865818
"77",65.3691761803862,0,86.4520803332071,7.19267545743661
"78",62.2633213096301,1,71.5072373621574,-7.7521675136131
"79",74.2329982670423,0,81.2602955916722,2.00089071590162
"80",68.9914922899813,1,77.2400437230037,-2.01936115276681
"81",95.0133021856246,0,89.3798131356031,10.1204082598326
"82",18.1238629872263,1,37.5767995461983,-41.6826053295722
"83",51.4529325225448,1,59.4002186185911,-19.8591862571795
"84",37.5229207827731,1,49.3912321063832,-29.8681727693874
"85",66.254057944636,1,75.8960956531475,-3.363309222623
"86",65.4532579082485,1,73.1748617366891,-6.08454313908148
"87",88.8681104457571,0,93.4284104850095,14.169005609239
"88",78.8282037948592,0,91.0659106473124,11.8065057715418
"89",65.3716597698594,1,67.8216067428537,-11.4377981329168
"90",65.9075794467047,1,74.7788854852311,-4.48051939053941
"91",54.752552844121,1,68.9546695714336,-10.3047353043369
"92",78.8039539338181,1,73.1689542831538,-6.09045059261672
"93",59.348804176876,1,64.2142773476523,-15.0451275281182
"94",21.1314840076581,1,42.3695057746092,-36.8898991011614
"95",53.8530977679103,1,66.9168518617036,-12.3425530140669
"96",80.0830741213551,0,79.9336160987991,0.67421122302855
"97",83.6994575348808,0,87.3094653324963,8.05006045672577
"98",71.5806644660994,0,81.2622210193603,2.0028161435898
"99",88.0834248195003,0,91.8379304696455,12.5785255938749
"100",44.9324944847675,1,56.7376285572214,-22.5217763185492
"101",78.0665787018462,0,93.2669282058313,14.0075233300608
"102",65.2897428692667,1,74.0682823385588,-5.19112253721173
"103",60.3292774333872,1,64.2692819633075,-14.990122912463
"104",88.5989041693865,0,91.8669683343257,12.6075634585552
"105",56.472262608065,1,59.2859934216894,-19.9734114540811
"106",62.4614104767928,1,74.4471234676625,-4.81228140810802
"107",45.2477864840757,1,63.084222720033,-16.1751821557376
"108",52.15754958395,1,55.0126430546474,-24.2467618211231
"109",72.9283263634295,0,87.1162111460874,7.85680627031682
"110",72.7989323851093,0,92.7071994355594,13.4477945597888
"111",51.0337632682111,1,61.4535757634338,-17.8058291123368
"112",53.8110528040372,0,79.3851679741595,0.125763098388916
"113",73.2770107940464,0,91.340474429434,12.0810695536635
"114",87.2870480018716,0,89.2653082240087,10.0059033482382
"115",68.6697988138872,1,70.8006014950079,-8.45880338076266
"116",49.7126016547297,1,67.0700065311432,-12.1893983446273
"117",60.0159834546728,1,68.1584808183985,-11.100924057372
"118",68.9812682901648,1,76.6920387732987,-2.56736610247185
"119",80.4317945364917,0,94.4791162183358,15.2197113425653
"120",70.2495855918142,0,84.7366268947227,5.47722201895215
"121",89.7694278793621,0,97.6594536817275,18.4000488059569
"122",71.6174023384263,0,85.1399244921287,5.88051961635819
"123",75.8585456996743,1,78.5443439267546,-0.715060949015907
"124",75.6951213156978,1,78.3392299579495,-0.920174917821058
"125",24.5650781871492,1,29.126346316779,-50.1330585589915
"126",63.4626663782689,0,82.5077630127315,3.24835813696096
"127",43.5988608446029,1,65.2025903296823,-14.0568145460882
"128",83.4627593444353,1,76.6497790027538,-2.6096258730167
"129",47.7814635101849,1,59.0325104112366,-20.2268944645339
"130",77.1569507460292,0,95.1778575222031,15.9184526464326
"131",61.6237345441409,0,86.6965343287251,7.43712945295457
"132",60.5204477239271,1,64.0727173695947,-15.1866875061758
"133",71.4664055758773,1,79.1065923900089,-0.152812485761601
"134",85.0373962823914,0,94.7350022472937,15.4755973715232
"135",67.3223512665385,1,77.5807165560136,-1.6786883197569
"136",86.4540963412811,0,97.9727563925194,18.7133515167489
"137",60.5091080479618,1,69.1232764813413,-10.1361283944292
"138",51.2410458617758,1,51.1505752421036,-28.1088296336669
"139",58.5380563776516,1,72.8829276488123,-6.37647722695822
"140",91.2398413958369,0,94.2588193531172,14.9994144773467
"141",86.8148923386565,0,91.0260276537313,11.7666227779608
"142",69.8240758729859,1,76.6797930470871,-2.57961182868343
"143",59.0698471833451,1,65.711898640691,-13.5475062350795
"144",56.7808985170814,1,69.8426207679903,-9.41678410778029
"145",68.296286951438,0,83.1692380925695,3.90983321679899
"146",82.0473805855777,0,92.9847758696243,13.7253709938537
"147",81.2234614130533,0,94.4062341281266,15.146829252356
"148",71.0378013740157,0,81.3080368865031,2.04863201073253
"149",74.5536752261053,0,91.4880135904326,12.228608714662
"150",54.8443880965366,1,63.9349834123785,-15.324421463392
"151",85.8907588815256,0,92.8073999346961,13.5479950589256
"152",61.8737727891841,0,88.2325077781534,8.97310290238283
"153",69.1877840795946,0,87.71698292951,8.45757805373948
"154",38.8366881647419,1,58.9504060167755,-20.308998858995
"155",68.6737127199597,0,91.405788473418,12.1463835976474
"156",55.3035605014277,1,60.5753973201603,-18.6840075556102
"157",80.8913615693534,0,86.7243857897175,7.46498091394696
"158",65.7777961023899,0,79.5110349940203,0.251630118249807
"159",74.8981504443741,0,90.5498198268392,11.2904149510686
"160",62.6228125561278,0,81.9102366446589,2.65083176888839
"161",62.6793976045253,1,73.2389213589385,-6.02048351683207
"162",70.8659833585512,1,76.4355347249055,-2.82387015086502
"163",84.3187081882699,0,92.9243515670799,13.6649466913094
"164",42.4670838436813,1,52.7800766823926,-26.479328193378
"165",88.6517607542503,0,96.2899770961203,17.0305722203497
"166",71.8076852321771,0,87.0653182309597,7.80591335518919
"167",70.4683711444871,0,82.4498742068369,3.19046933106631
"168",83.5177783552614,0,99.5300407007604,20.2706358249898
"169",69.1385920823073,0,79.477417154235,0.218012278464457
"170",61.1823797490792,1,71.9926822596439,-7.26672261612669
"171",76.4506427053311,0,92.9792211821166,13.719816306346
"172",66.0575117109505,0,83.3598212737167,4.10041639794616
"173",68.3690198044503,1,75.8226324199153,-3.43677245585523
"174",68.1492117939691,0,81.6198344927629,2.36042961699239
"175",54.5684903258411,1,60.3115091670486,-18.947895708722
"176",69.9719372751708,0,92.2970347197789,13.0376298440084
"177",73.6520658135481,1,74.7446861767838,-4.51471869898677
"178",58.0983731981862,1,72.326832409241,-6.93257246652954
"179",59.6949292012476,1,71.5732685584388,-7.68613631733173
"180",63.5757962865448,1,68.226807547268,-11.0325973285026
"181",42.5791433497309,1,57.0017604948739,-22.2576443808967
"182",64.0001317526981,0,84.0694718748398,4.81006699906922
"183",37.4277467305148,1,44.7024161079566,-34.5569887678139
"184",70.2583159952262,0,84.7231383130604,5.4637334372899
"185",67.6487427242873,1,75.6202932043388,-3.63911167143175
"186",72.1468366174559,1,76.7873211088414,-2.47208376692916
"187",94.2777269205472,0,95.9768552380437,16.7174503622732
"188",47.3483188237318,1,53.2929243107269,-25.9664805650436
"189",64.3595468387366,1,66.3388083894553,-12.9205964863153
"190",76.1822666457923,0,89.0036755246869,9.74427064891637
"191",71.437825524864,1,75.9985090785486,-3.26089579722199
"192",43.3424205623007,1,65.0153222941829,-14.2440825815876
"193",71.141270185573,0,85.312824407234,6.05341953146349
"194",80.6051798975794,0,92.5570397045189,13.2976348287484
"195",81.0677821650163,0,83.8340315292253,4.57462665345479
"196",67.6967847644577,0,84.4514358262711,5.19203095050058
"197",69.4292711134653,1,75.1407661621032,-4.11863871366734
"198",76.9064170271511,1,75.9605915718238,-3.29881330394674
"199",84.7648044570821,0,91.6489617713923,12.3895568956217
"200",27.5491664353176,1,45.1676486814976,-34.0917561942729
"201",63.0061057025727,1,67.4302616618347,-11.8291432139359
"202",75.0269766781966,0,89.7322525838849,10.4728477081144
"203",70.5254264139491,0,87.5599264618407,8.30052158607016
"204",81.3219042140341,0,92.0797248201817,12.8203199444111
"205",81.8765492573074,0,90.8605418484809,11.6011369727104
"206",58.2761671668163,1,63.5994399203915,-15.659964955379
"207",79.518177761965,0,83.2584226507619,3.99901777499137
"208",47.6456450105296,1,64.3398449461474,-14.9195599296231
"209",81.6362610615808,0,95.7278256435241,16.4684207677536
"210",80.2670911386047,0,91.0019540484093,11.7425491726388
"211",70.555928704866,0,82.5065048592271,3.24709998345655
"212",75.7307002386343,0,87.1962731210707,7.93686824530018
"213",65.4345812859071,0,80.7466088963904,1.48720402061983
"214",44.3200401667726,1,49.0040711631789,-30.2553337125916
"215",73.8146804177956,0,80.8710063346694,1.61160145889889
"216",77.4022864680864,0,86.537972446546,7.27856757077542
"217",57.6315503192201,1,64.5631142436604,-14.6962906321102
"218",81.1602386182687,0,90.1758292596081,10.9164243838375
"219",36.0159495601754,1,65.7195727763657,-13.5398320994049
"220",76.6304549429546,0,90.0242045878313,10.7647997120607
"221",38.049056011273,1,49.6892103292095,-29.570194546561
"222",81.380045880646,0,96.6481287944874,17.3887239187168
"223",63.8467816251944,0,83.9405409345489,4.68113605877839
"224",76.3540643028321,0,85.6181631660052,6.35875829023462
"225",91.3308259528916,0,93.9367200543707,14.6773151786002
"226",78.3369664131587,0,95.95930024028,16.6998953645095
"227",71.4090035557089,0,81.8518025630546,2.59239768728411
"228",74.1164196520312,0,79.9398142419838,0.680409366213269
"229",74.8456420453051,0,85.6823968287099,6.42299195293936
"230",79.5344705954297,0,96.7453747954075,17.485969919637
"231",84.3136239737297,0,98.9802333540375,19.720828478267
"232",91.983072973045,0,95.2365596117737,15.9771547360032
"233",28.2832415808114,1,51.3619108943846,-27.8974939813859
"234",87.162690127075,0,88.1601420007796,8.90073712500906
"235",81.6917367984633,0,95.2212772421695,15.961872366399
"236",57.7099809721672,1,73.9483689877272,-5.31103588804339
"237",76.6973498111625,0,83.1552379552368,3.89583307946629
"238",36.724724350681,1,50.4166511116026,-28.8427537641679
"239",53.5979540803644,1,62.2798887116109,-16.9795161641597
"240",59.9220501425131,1,77.0784013187458,-2.18100355702478
"241",72.4635186733125,0,79.5597862462388,0.300381370468273
"242",71.9681351067226,0,86.6977974231377,7.43839254736713
"243",73.9235726965385,1,73.725497219593,-5.53390765617756
"244",67.6214447162892,0,80.1584603157084,0.899055439937882
"245",86.2206182302958,0,94.4489596358083,15.1895547600378
"246",80.0848701317106,0,91.3624115249053,12.1030066491348
"247",59.3813027022257,0,80.2687132595673,1.00930838379674
"248",70.9151825045662,1,77.3810900005787,-1.87831487519188
"249",70.6835937123936,1,72.3179478882231,-6.94145698754741
"250",87.3313361477517,0,91.512577393196,12.2531725174255
"251",71.9121820724479,1,79.1520449255552,-0.107359950215326
"252",60.6978063779579,1,66.851564522028,-12.4078403537425
"253",65.3205899250248,1,70.8305986842206,-8.42880619154991
"254",72.782413509265,1,73.8667629094011,-5.39264196636947
"255",83.9026203789343,0,93.6810030025864,14.4215981268159
"256",49.4523966771144,1,54.8118174101852,-24.4475874655853
"257",62.7954597167715,1,69.5683159867634,-9.69108888900716
"258",65.9170090509272,1,70.583236884936,-8.67616799083453
"259",74.3134762612195,0,85.0172413473537,5.75783647158313
"260",77.2777108866537,0,83.6735572471827,4.41415237141216
"261",79.7914843799306,0,96.1427855378684,16.8833806620979
"262",92.4964552499853,0,96.448907260254,17.1895023844834
"263",51.0368935046188,1,61.6413192828895,-17.6180855928811
"264",65.531776583401,0,82.7905843442742,3.53117946850362
"265",68.8106085273883,1,73.7231926509509,-5.53621222481968
"266",33.0010392505296,1,42.4033960670785,-36.856008808692
"267",69.6302644620266,1,73.9806779686819,-5.27872690708864
"268",56.0150240837727,1,69.8170170042727,-9.44238787149789
"269",86.9804961718727,0,94.1221404544279,14.8627355786574
"270",50.2260317018268,1,53.2380655960032,-26.0213392797673
"271",58.2947778217444,1,68.7684483297339,-10.4909565460366
"272",58.7183769614194,1,68.7178341480423,-10.5415707277283
"273",57.0311146234825,1,71.9041943472256,-7.35521052854492
"274",65.5882708549104,1,70.0096123989368,-9.24979247683379
"275",59.9083156469059,1,73.1756257035918,-6.08377917217871
"276",75.7142134951003,0,85.9659117258691,6.70650685009856
"277",70.7343107781769,1,74.2732187012674,-4.98618617450313
"278",74.1832851752234,1,74.7596118858104,-4.49979298996018
"279",70.6234052208963,1,75.7830670093232,-3.4763378664473
"280",92.500279570916,0,94.3552435658894,15.0958386901189
"281",92.5095711499716,0,93.3142760178134,14.0548711420429
"282",82.5098283236022,0,86.7233337931738,7.46392891740327
"283",84.5417515111048,0,97.332935009925,18.0735301341545
"284",83.8196653635864,0,92.3506536008038,13.0912487250332
"285",69.3990836851243,0,84.0018122416786,4.74240736590806
"286",79.9029488574506,0,87.7202190202934,8.46081414452284
"287",86.0567102084079,0,89.8404916852418,10.5810868094713
"288",68.4646471894024,1,73.1065789370989,-6.15282593867167
"289",65.9143569775633,0,85.9310374963177,6.67163262054717
"290",81.5831877559936,0,88.6995350945409,9.44013021877041
"291",57.9848038981151,1,67.9371773025738,-11.3222275731967
"292",71.8963768762492,0,80.4694262932558,1.21002141748524
"293",79.8601259713588,0,87.5319542522761,8.27254937650552
"294",75.470445005998,1,77.5973735066904,-1.66203136908015
"295",78.1318456217846,0,92.2763080923107,13.0169032165402
"296",80.3681997625793,0,91.1256380236696,11.866233147899
"297",72.8285341035562,1,66.3698088124508,-12.8895960633198
"298",87.6699817098612,0,92.2708484943653,13.0114436185948
"299",62.9847565776624,0,80.0278520971095,0.768447221339002
"300",56.2851782354012,1,67.4890875453358,-11.7703173304348
"301",60.1726791491559,1,65.0209292370442,-14.2384756387264
"302",40.1688450697848,1,50.1492815193362,-29.1101233564344
"303",66.9112276303632,1,78.1523811780302,-1.10702369774033
"304",72.2478785554556,1,73.4651177086214,-5.79428716714912
"305",77.2459048599357,1,76.5059610636038,-2.75344381216675
"306",72.5783558539412,0,81.4221966836627,2.16279180789219
"307",91.2461195346003,0,97.8902975635543,18.6308926877838
"308",69.1423162651853,1,71.6943999486755,-7.56500492709506
"309",63.1829663647108,1,72.9699550780871,-6.28944979768343
"310",63.851157963014,1,71.1775151516822,-8.08188972408831
"311",53.256906701436,1,59.4607482517098,-19.7986566240607
"312",74.4069305783579,1,77.5459485634092,-1.71345631236137
"313",77.2527970047811,0,89.379941434906,10.1205365591354
"314",68.9116444821556,1,74.8393489725631,-4.42005590320744
"315",65.3350828446571,1,67.8208532499174,-11.4385516258531
"316",70.0424009205774,1,76.9275228574885,-2.33188201828202
"317",72.3513162162957,0,81.783767011238,2.52436213546741
"318",80.2986200059553,0,92.3772999841056,13.117895108335
"319",89.9637814035751,0,97.6054638923162,18.3460590165457
"320",71.075016238437,1,78.9374028995305,-0.322001976240045
"321",77.2510238668985,0,83.48105942482,4.22165454904949
"322",67.8462577640773,0,88.0525318050643,8.79312692929378
"323",94.5962582642112,0,94.3598073172371,15.1004024414666
"324",77.817550212996,0,92.4511576493428,13.1917527735722
"325",53.1922021993178,1,59.9946090835605,-19.2647957922101
"326",68.6778514968286,0,79.898608341633,0.639203465862423
"327",82.8538265158935,0,86.0578930979323,6.79848822216171
"328",70.0509300912097,0,84.0471739122023,4.78776903643178
"329",77.9576658516411,0,82.308497688835,3.0490928130645
"330",55.5088947512838,1,51.9865534050157,-27.2728514707549
"331",81.9326943870177,0,91.945919610247,12.6865147344764
"332",72.1385766504715,0,85.8375837031604,6.57817882738989
"333",41.6036583217064,1,51.5985413463352,-27.6608635294353
"334",42.7677123649515,1,51.0431275914856,-28.2162772842849
"335",35.8650500158007,1,51.3245917970508,-27.9348130787198
"336",79.1675211697345,0,86.8599530898577,7.60054821408715
"337",64.7851176571935,1,68.9060831750928,-10.3533217006777
"338",70.9842282912224,0,81.7134132707442,2.45400839497364
"339",82.8184197542703,0,89.9822732596451,10.7228683838746
"340",55.9979599466841,1,66.6873740576059,-12.5720308181647
"341",63.6014675589616,1,74.3771761073051,-4.88222876846547
"342",47.3991195755632,1,56.4385377067041,-22.8208671690664
"343",60.6088797859156,1,68.1887789399395,-11.070625935831
"344",54.8957264740388,1,62.2130622872648,-17.0463425885057
"345",80.9343710753086,0,89.5420699305943,10.2826650548238
"346",35.2210003880962,1,51.8286152603136,-27.4307896154569
"347",69.3870688465728,0,83.1320327785135,3.87262790274301
"348",72.5217255855678,0,80.1678174153918,0.908412539621253
"349",78.4869779289766,0,80.2548953280785,0.995490452307919
"350",55.6104472922511,1,61.957484637312,-17.3019202384585
"351",74.577683665566,0,91.3597929850011,12.1003881092305
"352",63.0863258494009,1,69.7678737374318,-9.49153113833874
"353",58.2475238027695,1,65.5715544277709,-13.6878504479996
"354",81.361463164662,0,90.8213550795787,11.5619502038082
"355",66.710999477016,1,72.1785913714464,-7.08081350432418
"356",73.8980037519753,0,87.4535736449288,8.19416876915827
"357",59.0078312281317,1,55.7579338596183,-23.5014710161522
"358",66.2874826270372,1,70.9336387337754,-8.32576614199512
"359",78.3569219601435,0,93.0381244436297,13.7787195678591
"360",70.3655150023198,1,75.6691962296843,-3.5902086460862
"361",45.2202952242216,1,49.3987581836642,-29.8606466921064
"362",84.6863389921163,0,99.4309870952391,20.1715822194686
"363",71.0987793013066,0,80.8195241226109,1.5601192468404
"364",56.2217490639944,0,80.5949804713941,1.33557559562352
"365",77.4604928009764,0,80.7954762319536,1.53607135618307
"366",77.4634501519403,0,89.8476608110347,10.5882559352641
"367",64.3436563978676,1,68.8649790132999,-10.3944258624707
"368",76.6624603919565,1,76.7964423442479,-2.46296253152262
"369",37.544973100503,1,47.0729378081065,-32.186467067664
"370",64.7447425522377,1,70.6983988286703,-8.56100604710024
"371",70.0069941316334,1,77.5837439586914,-1.67566091707914
"372",80.7539075038645,0,80.5699351729048,1.31053029713425
"373",36.1135324064225,1,46.8292537355104,-32.4301511402602
"374",68.6270730279202,0,86.7133791711672,7.4539742953967
"375",75.7455995890531,1,75.1639255009928,-4.09547937477771
"376",73.7978910059339,1,73.1750993061398,-6.08430556963073
"377",76.5746196073828,0,81.371256032113,2.11185115634241
"378",83.9798712769321,0,99.4694575505462,20.2100526747756
"379",81.1167553890599,0,88.1907609661309,8.93135609036037
"380",78.6445571586851,0,87.3654780506065,8.10607317483597
"381",63.9513739697266,0,80.7058966283992,1.44649175262867
"382",67.0407944665092,1,73.0335768857352,-6.22582799003534
"383",89.639409801573,0,94.7354290288479,15.4760241530773
"384",74.9001484604208,0,87.7926487386454,8.53324386287488
"385",94.9040297046136,0,97.4723599616579,18.2129550858874
"386",73.7015356626146,0,93.1916590956049,13.9322542198343
"387",80.0871326605302,1,78.152689174468,-1.10671570130259
"388",84.0890976156808,0,95.8928169044544,16.6334120286839
"389",69.313955857984,0,84.3220004560875,5.06259558031692
"390",84.585452850624,0,94.4804780999226,15.221073224152
"391",48.1342872962863,1,60.2175406748682,-19.0418642009023
"392",68.2899620878112,1,68.3906793228607,-10.8687255529098
"393",69.6873567481029,0,84.4566686074886,5.19726373171807
"394",79.6830330362038,0,89.9270283930212,10.6676235172507
"395",52.0492305396751,1,64.6314859600668,-14.6279189157037
"396",42.0011232346551,1,58.2231464716305,-21.03625840414
"397",84.0963906041977,1,77.8653678298048,-1.39403704596577
"398",96.8443904346981,0,94.136268784322,14.8768639085514
"399",65.8662613921093,1,71.2294398919263,-8.0299649838442
"400",77.8439783808376,0,89.8084048477521,10.5489999719816
"401",21.9483037888207,1,33.0554492000362,-46.2039556757344
"402",58.0714728429549,1,59.9034458742266,-19.3559590015439
"403",59.9912953877827,0,79.5412670053653,0.281862129594714
"404",66.5774483574651,1,76.2645795542474,-2.99482532152318
"405",76.4027911755262,1,79.2527980005067,-0.00660687526379888
"406",71.1035560433116,1,72.4939722343466,-6.76543264142391
"407",59.7180672471244,1,70.410396576008,-8.84900829976252
"408",72.4276820345506,1,73.2619066625643,-5.9974982132062
"409",77.2552188781265,0,83.9222324110674,4.6628275352969
"410",48.7003115020619,1,51.710465677456,-27.5489391983146
"411",52.2630160072398,1,66.8008185994054,-12.4585862763652
"412",79.9826623446416,0,88.6818820349403,9.42247715916973
"413",75.6808887451937,0,84.1179272241999,4.85852234842936
"414",80.9319303663017,0,79.846752201878,0.58734732610742
"415",16.907905045082,1,37.9149841485718,-41.3444207271987
"416",64.2676350621533,0,86.9288445105834,7.66943963481287
"417",61.652634787678,1,71.3510906479742,-7.90831422779634
"418",65.2596297853452,0,89.1107226764141,9.8513178006436
"419",72.4604576944859,0,94.1691690032727,14.9097641275021
"420",24.6396526609274,1,39.4099220481048,-39.8494828276657
"421",83.9723562467437,0,90.6072845211528,11.3478796453823
"422",45.5017893078987,1,63.3692191040484,-15.8901857717221
"423",71.0538143099008,0,84.522102699553,5.26269782378249
"424",70.8414766314354,0,83.0337455112346,3.77434063546406
"425",51.6782106502234,1,62.1561604373645,-17.1032444384061
"426",51.0098723501288,1,60.6162667123347,-18.6431381634358
"427",55.4707979394809,1,60.7661908839767,-18.4932139917939
"428",75.5993671919253,0,96.2097464533539,16.9503415775834
"429",83.6664135800391,0,91.3590832760187,12.0996784002482
"430",75.4552461426287,0,83.9326964639583,4.67329158818777
"431",53.3672383607903,1,69.5868927381726,-9.67251213759798
"432",89.0568683780825,0,100,20.7405951242295
"433",66.0114502458213,0,85.1305293304972,5.87112445472668
"434",39.0879604046841,1,57.5323756490889,-21.7270292266817
"435",92.1368843351966,0,92.4332632315254,13.1738583557549
"436",72.1308734404133,0,79.2660117510343,0.00660687526378467
"437",77.7195673103955,0,93.9866249668744,14.7272200911039
"438",62.8437734494631,1,67.9006963240103,-11.3587085517602
"439",55.7624281550542,1,60.946035473911,-18.3133694018596
"440",78.7429757113794,0,89.6588368758126,10.3994320000421
"441",42.4027018018159,1,59.7269526214789,-19.5324522542917
"442",55.7467598215276,1,61.5942687640995,-17.665136111671
"443",81.9333606895197,0,95.714831159308,16.4554262835375
"444",65.8432609454147,0,85.0317433122393,5.77233843646876
"445",65.5632919162718,1,68.3118439266389,-10.9475609491316
"446",64.1687947007041,0,80.5098213304064,1.25041645463581
"447",79.6952198347363,0,85.1581699170938,5.89876504132327
"448",62.110378679108,1,70.6826565385154,-8.57674833725514
"449",72.2674810929603,1,75.0499776774503,-4.20942719832021
"450",63.2097888317237,0,80.421920370896,1.16251549512546
"451",63.7280877601867,1,75.0027020605432,-4.25670281522731
"452",68.9564365849473,1,73.9552229975427,-5.30418187822787
"453",86.7821061049139,0,92.4347768545842,13.1753719788136
"454",74.9930206891519,0,81.8057364233063,2.54633154753574
"455",60.913110373416,1,63.5272106006815,-15.732194275089
"456",58.8365235679824,1,61.1048731573513,-18.1545317184192
"457",56.7282904146915,1,69.6528667661968,-9.60653810957378
"458",72.7652421248339,0,92.4693949047247,13.2099900289542
"459",77.4848555039301,1,76.8585593558987,-2.40084551987182
"460",54.4638731112292,1,62.8475062519924,-16.4118986237781
"461",42.7577583690694,1,63.0628916255008,-16.1965132502697
"462",45.3345793899514,1,54.5560628577803,-24.7033420179903
"463",73.806759209334,0,85.6005633537851,6.34115847801458
"464",63.6408536249374,1,70.9157818904991,-8.34362298527148
"465",43.1936761038396,1,63.7792448737672,-15.4801600020034
"466",66.6487574433787,0,80.0736590133246,0.81425413755403
"467",68.0016785845086,1,76.3636112158393,-2.89579365993127
"468",71.493169390577,0,89.4289955121382,10.1695906363677
"469",70.0551963818153,0,80.9666688821162,1.70726400634565
"470",81.1762000075543,0,95.2203501274957,15.9609452517252
"471",54.7249602907828,1,72.1449001658314,-7.11450470993913
"472",74.4353876641984,0,85.9185159174105,6.65911104163999
"473",67.4359321327567,1,69.0680107189393,-10.1913941568312
"474",64.1167007760256,1,72.1803974347454,-7.07900744102511
"475",71.7224301015083,0,85.816426549216,6.55702167344546
"476",74.9552826458354,0,91.2082860484624,11.9488811726919
"477",57.6694415364493,1,68.4151436205723,-10.8442612551983
"478",52.3027566521152,1,53.9083827707081,-25.3510221050625
"479",58.555195678011,1,78.9521681549276,-0.307236720842923
"480",69.5292096749651,0,84.5431250746671,5.28372019889652
"481",89.9441879774446,0,89.6343498807909,10.3749450050203
"482",84.6632525665691,0,93.7023730714113,14.4429681956408
"483",75.408134377011,0,84.8674552293022,5.60805035353161
"484",68.6367471295895,1,71.1894781464833,-8.06992672928726
"485",60.2293951313254,1,67.4171819166196,-11.8422229591509
"486",52.1298574276017,1,60.4850726104169,-18.7743322653536
"487",70.5182867811666,0,86.1823853945253,6.92298051875476
"488",46.3364570356125,1,55.2254212919563,-24.0339835838142
"489",85.2278819090632,0,92.7885262029243,13.5291213271537
"490",72.5435700513931,0,91.5988810906935,12.339476214923
"491",71.0665274069741,0,79.8926007188473,0.63319584307672
"492",88.2205379883973,0,91.356321175278,12.0969162995074
"493",54.8866936672563,1,64.2857054577563,-14.9736994180143
"494",82.2884392269576,0,88.9929725962197,9.73356772044914
"495",77.429784577748,0,89.1729892246182,9.91358434884769
"496",74.6034302705174,1,69.7572462972489,-9.50215857852164
"497",58.6432268444237,1,65.5538996808985,-13.705505194872
"498",93.0939853856788,0,95.8321298381401,16.5727249623695
"499",74.7794992500066,0,90.7655976384534,11.5061927626829
"500",56.8241564601025,1,63.3552361246642,-15.9041687511063
"501",50.0004658724012,1,52.3749567132704,-26.8844481625001
"502",68.3239755319701,1,70.1596532811375,-9.09975159463306
"503",40.9864309601527,1,40.3356946051416,-38.9237102706289
"504",85.6710689367062,0,95.0800484032402,15.8206435274697
"505",77.4236487373109,0,91.2189062791669,11.9595014033964
"506",67.5877750803133,1,67.7339370330292,-11.5254678427414
"507",59.6586240579157,1,70.0075272305137,-9.25187764525685
"508",74.7855610912927,0,83.0031021253409,3.74369724957035
"509",75.6988837501806,0,89.6298589980162,10.3704541222457
"510",86.5095882763291,0,98.2206325266433,18.9612276508727
"511",75.3022553412034,1,77.4833190008081,-1.77608587496242
"512",72.6520576403329,1,77.738179625805,-1.5212252499655
"513",76.4276092140374,0,88.1573287546404,8.89792387886983
"514",58.6532827989351,1,68.1085472099886,-11.150857665782
"515",61.5090504108419,1,69.6447054152986,-9.61469946047194
"516",58.909761610633,1,63.357956528373,-15.9014483473976
"517",60.4767907413236,1,68.1532959588722,-11.1061089168984
"518",65.8284796258281,0,85.3512665621275,6.09186168635699
"519",77.551339462908,0,93.2639881444454,14.0045832686749
"520",65.7104712016358,1,75.1601594999138,-4.0992453758567
"521",98.1292127212368,0,98.275676289986,19.0162714142155
"522",80.3557772338945,0,93.3668529080125,14.107448032242
"523",58.0629498107932,1,74.2960731723645,-4.96333170340606
"524",63.4237170450021,0,85.2722333889653,6.01282851319478
"525",76.9149932348542,0,89.4773498395859,10.2179449638153
"526",74.5910245093464,1,78.2711793747669,-0.988225501003683
"527",63.3637790358001,1,70.6610482003536,-8.59835667541694
"528",82.7835063739759,0,83.533898549409,4.2744936736385
"529",75.1367241240085,0,88.2310854279079,8.97168055213736
"530",61.9542312267191,1,65.1032044528837,-14.1562004228868
"531",82.8451627611066,0,94.7577426866677,15.4983378108971
"532",72.314093352963,1,72.2562861096832,-7.00311876608737
"533",44.7512555510556,1,54.6028412230836,-24.656563652687
"534",60.9166986759873,0,85.0835914801579,5.82418660438732
"535",58.5925776870263,1,70.4011279241753,-8.85827695159524
"536",47.8913267843306,1,51.8257250606532,-27.4336798151174
"537",62.9899142993664,1,72.1624173642763,-7.09698751149421
"538",65.6024299532655,0,81.3942970642429,2.13489218847232
"539",73.5633808983834,0,83.4823304545759,4.22292557880536
"540",71.0238627614661,1,72.1909901459698,-7.06841472980076
"541",79.3821461628066,0,94.7665521982295,15.507147322459
"542",62.2044732433523,0,79.9291833965901,0.669778520819591
"543",72.863780236772,1,78.8995622644231,-0.359842611347474
"544",63.6013546670076,0,79.9834840265507,0.724079150780142
"545",64.2209608332381,1,76.344580316598,-2.91482455917259
"546",43.8741526803412,1,54.174825448836,-25.0845794269346
"547",66.085094104854,1,78.8827795696195,-0.37662530615107
"548",76.2359348750975,0,89.9921287519818,10.7327238762113
"549",56.293462181774,1,63.1177036910757,-16.1417011846948
"550",66.926120089779,1,75.752519614664,-3.50688526110655
"551",65.0771173957235,1,71.1587524462657,-8.10065242950486
"552",63.9451525593149,1,73.0022164327747,-6.25718844299587
"553",72.5483109420658,0,83.7566006428483,4.49719576707778
"554",69.7715935901192,1,71.9830368267391,-7.27636804903142
"555",63.0749422569368,1,67.9414144468053,-11.3179904289653
"556",68.5683168988873,0,79.6833750870101,0.423970211239578
"557",62.7004748447496,0,79.3623306935368,0.102925817766277
"558",55.3543754572609,1,69.0291091023612,-10.2302957734093
"559",49.9169498255084,1,60.1053036239326,-19.1541012518379
"560",51.6323369565229,1,66.1007568913773,-13.1586479843933
"561",46.4313235324809,1,65.4282615860549,-13.8311432897156
"562",58.2751106406088,1,68.7708947379784,-10.4885101377921
"563",94.4822756542592,0,86.6809109690649,7.4215060932944
"564",74.6487388986827,0,80.9373742775096,1.67796940173906
"565",36.6252860291296,1,46.3940579480594,-32.8653469277112
"566",42.148717687442,1,47.7717491137588,-31.4876557620117
"567",86.4747093700025,0,95.5166612143396,16.2572563385691
"568",58.041906111856,1,72.790188683821,-6.46921619194958
"569",64.9617071306885,1,67.1125529268263,-12.1468519489442
"570",66.0550888091423,1,71.4268368455197,-7.83256803025088
"571",35.3554340918287,1,48.9124078547339,-30.3469970210366
"572",76.5468900254592,0,84.6677955778698,5.40839070209923
"573",59.9599177992685,1,69.7647021487525,-9.49470272701802
"574",76.4607668976684,0,85.8602535540742,6.60084867830371
"575",72.5251343718744,0,82.5492032316013,3.28979835583078
"576",74.8923083778646,0,91.8069965721069,12.5475916963364
"577",72.9913366174919,0,86.1287971725993,6.86939229682881
"578",73.6327169577056,0,85.9060244027139,6.64661952694334
"579",53.9916368388652,0,79.9825544975467,0.723149621776159
"580",63.5889220757503,1,65.9186142709071,-13.3407906048635
"581",55.2760566266917,1,60.3384725814355,-18.9209322943351
"582",74.1405217377507,0,81.2313806757905,1.97197580001993
"583",42.8289647799601,1,57.1977111812487,-22.0616936945219
"584",79.5884987836892,0,92.4730174073201,13.2136125315495
"585",70.9211198528841,0,85.1921244389139,5.93271956314335
"586",63.1980501982723,1,68.8781324183164,-10.3812724574541
"587",71.4970177752823,1,77.7982883866848,-1.46111648908575
"588",75.1656092374398,0,82.9546838843865,3.69527900861594
"589",69.6729576619149,0,88.6070377052085,9.34763282943798
"590",78.7239146917432,0,91.3582127497882,12.0988078740177
"591",96.6673699140231,0,98.0444048361859,18.7849999604153
"592",68.1748907036883,0,84.0111927311562,4.75178785538566
"593",80.6199435188042,0,90.4403555300138,11.1809506542433
"594",92.024706576146,0,90.51978387912,11.2603790033495
"595",52.2822243062535,1,69.6589121080011,-9.6004927677694
"596",86.5448769527361,0,88.2432899296326,8.9838850538621
"597",76.2858029278659,0,89.1043362444366,9.84493136866601
"598",71.3350872175757,1,76.7148482899245,-2.54455658584607
"599",68.6185243410981,0,80.6997107246076,1.44030584883708
"600",67.7861224375138,1,70.0990148688207,-9.16039000694988
"601",66.5769976382167,0,83.8730542490861,4.61364937331552
"602",71.5201502054221,0,84.740186877413,5.4807820016425
"603",79.6838458994113,0,80.7086894632706,1.44928458750009
"604",69.378513862837,0,83.0161874400364,3.75678256426588
"605",65.7350032182505,1,74.6760664617791,-4.5833384139914
"606",21.8514886167974,1,38.3046748868589,-40.9547299889116
"607",61.5480170738676,1,70.8241031805655,-8.43530169520504
"608",39.4309804145363,1,35.7041506110195,-43.555254264751
"609",23.7937319363876,1,37.0326828626379,-42.2267220131326
"610",53.6908907271949,1,67.708346040616,-11.5510588351545
"611",100,0,94.3226980152581,15.0632931394875
"612",61.7981460799197,1,68.535205996001,-10.7241988797695
"613",76.6311175341398,0,84.1275927509786,4.86818787520804
"614",70.8069157447895,1,73.3011702553878,-5.95823462038278
"615",87.898034272119,0,91.1136570353768,11.8542521596063
"616",64.3284250704274,1,73.173109905606,-6.08629497016454
"617",83.0002199095387,0,95.2437710283091,15.9843661525385
"618",61.8383490576058,1,70.0355090242388,-9.22389585153174
"619",65.4697642420699,1,69.3990521044678,-9.86035277130279
"620",76.8655738018807,1,77.6965491756611,-1.56285570010942
"621",87.2709458139396,0,98.6880914410908,19.4286865653202
"622",62.9480756296717,1,72.6181641863634,-6.64124068940711
"623",63.7406902924941,1,74.3868742460858,-4.87253062968472
"624",80.0955831999608,1,78.9077636585749,-0.351641217195663
"625",55.7697432656971,1,77.1011623532187,-2.1582425225518
"626",75.8363991851965,0,87.404360905388,8.1449560296175
"627",81.2355198643621,0,86.7518541807049,7.49244930493433
"628",75.1714691355567,1,74.3874083942441,-4.87199648152642
"629",76.7068333630164,0,87.5387623663225,8.27935749055197
"630",61.5021639188362,1,74.2114258005664,-5.04797907520411
"631",40.9126920312604,1,50.9693620811242,-28.2900427946463
"632",64.9402230515123,1,76.8076880222468,-2.45171685352378
"633",58.2013198159771,1,69.8607171910558,-9.39868768471474
"634",51.0455676772676,1,61.5683098721361,-17.6910950036345
"635",70.9990569520433,0,80.3306131147011,1.07120823893051
"636",73.4167933975856,0,93.9054337666236,14.6460288908531
"637",81.4901054108993,0,89.6832763696601,10.4238714938895
"638",55.172658079989,1,60.9751208228942,-18.2842840528763
"639",75.1947204084103,0,85.294188421097,6.03478354532645
"640",88.2840525535984,0,97.5228410981941,18.2634362224236
"641",73.9371070899613,0,83.3412129806505,4.08180810487994
"642",77.9826844919595,0,89.196253317884,9.93684844211343
"643",94.4789436549759,0,97.1022922414964,17.8428873657258
"644",81.4981796069424,0,91.8253693062522,12.5659644304816
"645",64.9847877414665,0,85.1897904777788,5.93038560200824
"646",70.8539364376784,0,83.1881598791287,3.92875500335816
"647",69.0299194691106,0,86.124607117885,6.86520224211449
"648",86.7993199992794,0,87.2024642988989,7.94305942312835
"649",61.6320306854677,1,75.5806191713041,-3.67878570446641
"650",69.1021145741088,1,76.8541563367405,-2.40524853903
"651",75.3488277783582,0,90.592292374554,11.3328874987834
"652",65.7192122369913,1,70.0819589998831,-9.17744587588749
"653",82.4668371168063,0,93.9153615708245,14.655956695054
"654",59.3439806532067,1,67.2639881472107,-11.9954167285599
"655",93.0353423086185,0,95.8597813442114,16.6003764684409
"656",69.885209212041,1,67.8587858320523,-11.4006190437183
"657",95.3095472220663,0,98.2697577706874,19.0103528949168
"658",72.453089409886,0,83.3583433125527,4.09893843678213
"659",66.7146858607561,0,88.2177740201622,8.95836914439161
"660",46.2288989815442,1,61.8849674752912,-17.3744374004793
"661",49.7402266825812,1,59.0494498615556,-20.209955014215
"662",68.245706375447,1,74.7536755204479,-4.50572935532269
"663",59.8403876988574,1,67.879296768596,-11.3801081071746
"664",60.4675884656775,1,75.8550939654042,-3.40431091036635
"665",55.2857761356547,1,67.1138932281239,-12.1455116476466
"666",72.2356893425963,0,85.7847731841046,6.52536830833402
"667",44.8398404143989,1,63.6129400903634,-15.6464647854072
"668",0,1,20,-59.2594048757705
"669",78.6900284842792,1,78.9096462786108,-0.349758597159735
"670",50.7107030341498,1,60.1882119168632,-19.0711929589073
"671",81.121845408498,0,89.1326247413005,9.87321986553
"672",68.2652085920955,1,78.5946046007104,-0.664800275060117
"673",64.4009695697078,1,70.4385041646018,-8.82090071116872
"674",62.2823444404657,1,65.2829155230878,-13.9764893526827
"675",63.3289690161302,1,65.6448237631792,-13.6145811125914
"676",72.0049614745714,0,81.4171186469796,2.15771377120905
"677",84.0829857470383,0,92.3372449127366,13.077840036966
"678",71.3128467288654,1,74.6880845876122,-4.57132028815838
"679",76.266395218381,1,78.7535531849347,-0.505851690835868
"680",49.3883119288672,1,63.2792801419562,-15.9801247338143
"681",74.429463621479,0,83.9794925183197,4.72008764254912
"682",91.7017815923926,0,92.9580260514818,13.6986211757112
"683",72.8343874535137,1,75.2590431089227,-4.00036176684782
"684",75.0176688338315,1,78.2588487799445,-1.00055609582607
"685",81.8763697520903,0,94.0596515326198,14.8002466568493
"686",66.1101170349622,0,82.2202391646319,2.96083428886135
"687",89.4533053378524,0,92.706143428323,13.4467385525525
"688",65.8788812589275,0,83.3534360781711,4.09403120240054
"689",71.0307727612599,0,87.140524304466,7.88111942869543
"690",72.7681044681545,0,85.6072486988562,6.3478438230857
"691",71.464658642725,1,71.7155965943439,-7.54380828142666
"692",46.8387927381695,1,55.1204556605182,-24.1389492152523
"693",52.1200127667483,1,68.2504760155222,-11.0089288602484
"694",70.8505853093697,1,72.2400250975215,-7.01937977824903
"695",73.5735081519994,0,87.6698605053852,8.41045562961469
"696",76.2294356962149,0,84.3700125242028,5.11060764843224
"697",73.4867107519721,0,86.4498351984539,7.19043032268331
"698",80.4099006701962,0,93.6017819953993,14.3423771196288
"699",53.7330370351349,1,59.122740067643,-20.1366648081276
"700",76.4728783688114,0,86.9052958780914,7.64589100232082
"701",58.3785046809463,1,62.0146405564414,-17.2447643193291
"702",69.1002685936107,0,81.2538162036768,1.99441132790626
"703",75.0977877829601,1,78.8628042827944,-0.396600592976114
"704",76.9631861151349,0,88.2377766226405,8.97837174686998
"705",70.3319460259708,0,87.5318427466936,8.27243787092306
"706",62.2402695457976,1,72.6190111594644,-6.64039371630612
"707",63.9491075677037,1,74.1815370591701,-5.07786781660046
"708",51.0344995213543,1,60.2210225976183,-19.0383822781522
"709",76.6611561427762,0,88.452940962498,9.19353608672743
"710",62.7434452225315,1,76.3727089990397,-2.88669587673088
"711",61.7624799478515,1,64.3767144828911,-14.8826903928794
"712",52.772026563295,1,61.2393828367775,-18.020022038993
"713",69.1053412770328,1,65.4080373408873,-13.8513675348832
"714",29.2582767980367,1,49.617269902993,-29.6421349727775
"715",93.7501584548756,0,98.156308606904,18.8969037311335
"716",75.7718492603683,0,93.271837154076,14.0124322783054
"717",63.0360579626199,1,72.1794357470605,-7.07996912871
"718",70.5250393796949,0,88.9154545791894,9.65604970341889
"719",51.829624488898,1,60.2376852705325,-19.021719605238
"720",74.9092855706247,0,88.864161235286,9.60475635951546
"721",66.2253886267163,0,81.8722143240352,2.6128094482647
"722",77.6826329268828,0,94.4038370657525,15.144432189982
"723",64.0360031508399,1,66.9140653574174,-12.3453395183532
"724",51.6729155053239,1,64.5221350411351,-14.7372698346354
"725",11.0199050761714,1,30.9614582972143,-48.2979465785563
"726",34.6896494494284,1,52.1569537466061,-27.1024511291644
"727",68.3927868818335,0,84.7288030118791,5.46939813610851
"728",73.1762785173477,0,84.3368836100425,5.07747873427192
"729",61.6437140899202,1,67.8441906961903,-11.4152141795803
"730",70.2768943663966,0,92.0741446368587,12.8147397610882
"731",73.406260856402,0,82.4757938780256,3.2163890022551
"732",72.0962829179056,0,83.8086060738493,4.54920119807878
"733",62.4049378166148,1,77.8007247316484,-1.45868014412211
"734",36.6559431542323,1,53.5366533958109,-25.7227514799597
"735",83.73169926626,0,92.8616235753599,13.6022186995894
"736",66.5466308836387,1,73.642306619731,-5.61709825603958
"737",60.2791564175132,1,65.4358033394817,-13.8236015362888
"738",99.43112142456,0,98.0312854958074,18.7718806200368
"739",83.5884407146583,0,99.1582028345971,19.8987979588265
"740",59.7077195568748,1,67.9100708204403,-11.3493340553303
"741",83.96225592617,0,93.3749493444477,14.1155444686772
"742",68.9236699666627,1,69.1227154942843,-10.1366893814862
"743",61.837665233579,1,67.0463502379361,-12.2130546378344
"744",68.1053321487721,0,86.425617047289,7.16621217151845
"745",49.5645524488617,1,67.6120354988084,-11.6473693769621
"746",79.0196992362034,0,87.9400134838872,8.68060860811666
"747",41.8093487431436,1,49.0843946436348,-30.1750102321358
"748",81.5573592845679,0,89.6030018954806,10.3435970197101
"749",28.3169005529875,1,44.897280459658,-34.3621244161125
"750",66.511955861625,1,76.7415359348897,-2.51786894088086
"751",85.1795245906021,0,93.864355877683,14.6049510019125
"752",73.0395133332601,1,76.8192762988784,-2.44012857689214
"753",63.5246785402272,1,67.2729785170441,-11.9864263587264
"754",80.1882804732788,0,94.5649814957481,15.3055766199775
"755",31.1082937347157,1,41.4642821081681,-37.7951227676025
"756",72.5919539668096,0,80.1684004873156,0.908995611545066
"757",41.7979218837052,1,47.1333385925214,-32.1260662832491
"758",47.704513248872,1,58.8525997714341,-20.4068051043365
"759",78.143778840631,0,84.1041216980727,4.84471682230212
"760",63.9935958033227,0,88.8344243933916,9.57501951762107
"761",80.4800154012535,0,90.5124417138124,11.2530368380419
"762",67.3311728387171,1,66.949003176907,-12.3104016988635
"763",73.1938258088159,0,87.6377885220725,8.37838364630197
"764",67.94011323779,1,74.4099614457375,-4.84944343003301
"765",76.607509429203,0,83.9503722996092,4.69096742383861
"766",39.3675613678418,1,50.729260264381,-28.5301446113896
"767",25.6044896785336,1,39.7144630352733,-39.5449418404973
"768",69.4194201561073,0,81.1905784444688,1.93117356869824
"769",84.2344810651599,0,88.3642047811866,9.10479990541603
"770",73.4207607942298,1,76.8647601990928,-2.39464467667773
"771",65.0379941066964,0,80.6483489156048,1.38894403983429
"772",66.9816555074361,0,82.0808919868797,2.82148711110921
"773",76.5730646710485,0,86.0257930691588,6.76638819338828
"774",78.9032528635194,0,86.6812673795581,7.42186250378751
"775",89.5044843703182,0,97.8570039664474,18.5975990906769
"776",66.1848388680488,0,80.298803954454,1.03939907868343
"777",86.0679124935459,0,96.6064630609175,17.3470581851469
"778",69.5567232065739,0,81.8704151718923,2.61101029612172
"779",85.0021908413695,0,95.8601529754581,16.6007480996876
"780",83.565545706842,0,94.9261090656729,15.6667041899024
"781",61.6019816545932,1,69.2068787240834,-10.0525261516871
"782",65.7327175232846,1,66.3860687182206,-12.8733361575499
"783",35.2459015127945,1,52.1868227223431,-27.0725821534274
"784",85.0501126131627,0,94.3429161054644,15.0835112296938
"785",46.2794964025146,1,56.6870500782758,-22.5723547974947
"786",36.2257718499996,1,45.3877340083448,-33.8716708674258
"787",80.7479198161967,0,94.9102541890193,15.6508493132488
"788",71.2623194687386,0,83.5094511690097,4.25004629323914
"789",82.1789848345792,0,85.5551058057912,6.29570093002069
"790",70.9214046690609,0,82.8221806682972,3.56277579252661
"791",55.7228920352226,1,61.2149933478542,-18.0444115279164
"792",74.2867553470671,0,84.8570097950388,5.59760491926826
"793",71.6706166006929,1,73.8111587138194,-5.44824616195115
"794",63.1982657169654,1,78.9680627068011,-0.291342168969436
"795",72.5323055719034,0,94.5370731892026,15.2776683134321
"796",87.2620140712606,0,94.3709376457199,15.1115327699494
"797",90.9499044374464,0,99.0919512678963,19.8325463921257
"798",71.8416261787068,0,90.1434166880921,10.8840118123215
"799",68.1299871893808,0,85.2778783568351,6.0184734810646
"800",70.1796332988479,0,92.7711183388851,13.5117134631145
"801",67.5952278191425,1,77.9111637870332,-1.34824108873734
"802",71.1645187858896,1,77.2599454578788,-1.99945941789173
"803",54.4109212635147,1,65.8766375636651,-13.3827673121055
"804",87.4513189122661,0,95.180488790583,15.9210839148124
"805",55.2517965495962,1,66.9187312270352,-12.3406736487353
"806",75.5792894387476,0,80.494005967608,1.23460109183746
"807",72.0402644073285,0,86.4904977850883,7.23109290931772
"808",83.5846463445357,0,92.2343763235572,12.9749714477867
"809",83.3091966550247,0,96.6555829628368,17.3961780870663
"810",72.4414047548813,1,71.8674676312377,-7.39193724453287
"811",69.4521386917146,0,90.4584842731249,11.1990793973543
"812",79.8201452605589,0,93.9216429436669,14.6622380678964
"813",68.6989260339311,1,76.0917614888806,-3.16764338688996
"814",82.3539655359366,0,95.7660719150609,16.5066670392904
"815",85.9733618938961,0,90.4166884117554,11.1572835359849
"816",56.141664645473,1,66.4924866752038,-12.7669182005667
"817",89.6134930059888,0,97.3200047143756,18.060599838605
"818",73.3207240647404,0,85.2758650078849,6.01646013211432
"819",76.5024866660497,1,78.5873211308881,-0.672083744882457
"820",47.9751368521609,1,64.3150296235769,-14.9443752521936
"821",91.1385580634043,0,93.8218202488313,14.5624153730608
"822",77.0674587852878,0,82.855108942197,3.59570406642644
"823",40.6419858363176,1,56.4668945763547,-22.7925102994158
"824",40.0552687850974,1,56.0024708628184,-23.2569340129521
"825",68.0962333480064,0,83.2801500917279,4.02074521595733
"826",73.7359717017547,0,87.8786120701559,8.6192071943854
"827",56.2624245477544,1,56.6580184101343,-22.6013864656362
"828",72.4678522927195,1,76.7621158554459,-2.49728902032462
"829",70.4751163092613,1,76.3665704332275,-2.89283444254301
"830",75.5225233759978,0,85.2464951435001,5.98709026772954
"831",76.0479552369256,0,86.1841917449117,6.92478686914113
"832",61.4318506875352,0,81.6597314829453,2.40032660717478
"833",18.9055914130629,1,33.4836617921956,-45.7757430835749
"834",74.6242619083711,0,87.3442826060221,8.08487773025156
"835",71.6888130893396,1,75.1136430379725,-4.14576183779801
"836",72.8700228401373,0,85.6794253496871,6.42002047391651
"837",58.3132453347904,0,84.2665105184196,5.00710564264905
"838",71.1769288264516,0,83.4957387657781,4.23633389000753
"839",87.1964084926641,0,94.7159458650801,15.4565409893095
"840",84.1920434949042,1,77.9788689945687,-1.28053588120181
"841",38.2655056296256,1,47.4537433909822,-31.8056614847884
"842",59.2211143781676,1,71.1824586758392,-8.07694619993134
"843",73.042739198513,0,84.8502655229159,5.59086064714535
"844",71.9990825914057,0,79.8004931830607,0.541088307290153
"845",78.4425614714381,0,89.7861581724754,10.5267532967049
"846",67.2550802429989,0,82.2766616823444,3.01725680657385
"847",67.6168401479087,0,80.8831367687553,1.62373189298478
"848",67.642628648478,1,69.9958779459813,-9.26352692978919
"849",78.2231202493963,0,80.9474694834025,1.68806460763199
"850",82.656672118138,0,91.511582788388,12.2521779126174
"851",72.5884079963514,1,70.1432796962962,-9.11612517947434
"852",75.9581956217576,0,89.149362887736,9.8899580119655
"853",73.6029987641111,0,86.9883517087964,7.72894683302584
"854",11.85984366719,1,35.3035395031066,-43.9558653726639
"855",57.6250287942997,1,64.1391319758046,-15.120272899966
"856",85.4666269876792,0,90.7504077448642,11.4910028690937
"857",93.1267598677977,0,97.320772478801,18.0613676030304
"858",68.8976602929359,1,64.6063613469034,-14.6530435288671
"859",77.8589881121134,0,88.7300741714059,9.47066929563539
"860",75.4369725707457,1,70.2446737790169,-9.01473109675362
"861",54.7458418932946,1,66.1051225286229,-13.1542823471476
"862",68.1661123152774,0,81.8835504777236,2.62414560195306
"863",78.0063835720844,1,74.2547749095354,-5.00462996623513
"864",72.531108386663,0,83.2047842454882,3.94537936971767
"865",91.3031084334958,0,93.4524638094535,14.1930589336829
"866",76.3696189962803,0,87.0259383879542,7.76653351218361
"867",86.711645750235,0,91.2011075664426,11.9417026906721
"868",51.0752394650446,1,57.4752995813787,-21.7841052943918
"869",49.6556499748555,1,56.9583738163927,-22.3010310593778
"870",72.7540772706906,0,81.8402109532997,2.58080607752915
"871",44.3208048066617,1,52.3987580764215,-26.860646799349
"872",60.9548946168672,1,67.4048324827336,-11.8545723930369
"873",50.5017838454469,1,64.8786790293748,-14.3807258463958
"874",71.6531475032858,1,76.4304347249673,-2.82897015080326
"875",67.0641318090075,1,77.2145312504591,-2.04487362531142
"876",53.0526163337069,1,71.1671891163527,-8.09221575941785
"877",76.2559099284504,0,91.6154600546019,12.3560551788313
"878",77.6748878645453,0,91.3984162735525,12.139011397782
"879",64.9761134830417,1,78.8074220645267,-0.451982811243852
"880",56.4872913884739,1,63.789222167474,-15.4701827082965
"881",73.6757086732369,0,89.3596789761936,10.100274100423
"882",64.2865181145434,1,74.0362305578619,-5.22317431790867
"883",68.1209035695251,0,84.7462573831408,5.48685250737023
"884",68.4017190936772,0,79.7004780796365,0.441073203865983
"885",61.7501005119702,1,69.4165027142775,-9.84290216149304
"886",72.9960821409468,0,92.3151885204476,13.055783644677
"887",73.9074246464146,1,72.6404297315522,-6.61897514421835
"888",58.0816974201116,1,71.8972136414329,-7.3621912343376
"889",63.1102772836901,1,78.2723060800495,-0.987098795721039
"890",66.4220748780162,0,84.026704556672,4.76729968090142
"891",63.8270281975039,0,87.4216947421191,8.16228986634857
"892",67.8686273132345,0,81.4984654781473,2.23906060237677
"893",23.173431232182,1,47.2321816427912,-32.0272232329793
"894",64.1803617724736,1,75.6074231939273,-3.65198168184324
"895",75.3938593568577,0,95.9526133872028,16.6932085114322
"896",56.1148697457915,0,82.4194515144629,3.16004663869234
"897",69.288688682448,1,78.5495874465461,-0.709817429224401
"898",57.195825135089,1,59.6458844930645,-19.613520382706
"899",85.0075908194782,0,90.718501567313,11.4590966915425
"900",51.9815130033432,1,62.3744974242349,-16.8849074515357
"901",82.9051733134976,0,92.1095256901925,12.850120814422
"902",58.8293981932192,1,63.7256146166571,-15.5337902591134
"903",51.5818153530383,1,59.5559297692214,-19.7034751065491
"904",80.3914196240113,0,91.7311865714339,12.4717816956634
"905",20.1622704739718,1,32.6916556180208,-46.5677492577498
"906",61.3875609164085,1,60.4562576345618,-18.8031472412087
"907",68.490372441363,0,84.0931292675573,4.83372439178673
"908",66.5807422713493,1,77.259720178862,-1.99968469690852
"909",62.9996732250587,1,76.1848117781045,-3.07459309766602
"910",55.9860077638126,1,64.8059268319711,-14.4534780437994
"911",61.5174900850344,1,72.5101968843366,-6.74920799143392
"912",35.4052499789018,1,45.5867958303166,-33.672609045454
"913",63.1960085297061,1,63.181978329727,-16.0774265460436
"914",57.3491599024676,1,63.1310190501539,-16.1283858256167
"915",72.001116182758,0,82.7665113581105,3.50710648233999
"916",71.3542891465005,0,85.8097181025311,6.55031322676052
"917",79.5206116409383,1,78.5009200331553,-0.758484842615218
"918",78.8398380835256,0,92.6440464502807,13.3846415745102
"919",59.472726581112,1,72.981703511518,-6.27770136425251
"920",43.5004125221341,1,52.3876826150042,-26.8717222607664
"921",36.4759524854867,1,55.5864562023805,-23.67294867339
"922",61.544689302402,0,88.2192971423265,8.959892266556
"923",82.3625307958449,1,78.8769236699076,-0.382481205862916
"924",78.6315310632164,0,91.0982749129601,11.8388700371895
"925",50.9632890451232,1,55.4890599224572,-23.7703449533134
"926",67.6958420509126,0,85.3945323993909,6.13512752362035
"927",71.7154154401493,0,81.1135536350121,1.8541487592416
"928",81.7626682035048,0,90.0483504780985,10.788945602328
"929",48.7251125279241,1,55.1830307466495,-24.076374129121
"930",79.7952782799608,0,87.7214353236271,8.46203044785652
"931",54.6668279099248,1,63.0096416993599,-16.2497631764107
"932",70.8037560570389,0,89.0222261165616,9.76282124079108
"933",76.418204945369,1,79.0363881983515,-0.223016677419025
"934",71.3924400868677,0,85.6139564989218,6.35455162315127
"935",87.2083597408997,0,93.4032827556398,14.1438778798693
"936",64.1685628866146,1,73.3119140658256,-5.94749080994498
"937",81.5932902427637,0,96.8441148844639,17.5847100086934
"938",62.973763119135,1,73.9056700511299,-5.35373482464063
"939",71.7886026111802,0,82.442415401649,3.1830105258785
"940",81.2804548005272,0,89.9986049701946,10.739200094424
"941",75.5383553189145,1,78.5758734017734,-0.683531473997107
"942",13.8064815945204,1,34.782337843209,-44.4770670325615
"943",76.8285210118998,0,94.3246323431548,15.0652274673843
"944",43.4032077364588,1,56.5040173172176,-22.7553875585529
"945",14.4267721993551,1,33.2491332124585,-46.010271663312
"946",57.230842447158,1,69.3896786163286,-9.86972625944195
"947",75.9545100916649,0,92.879564108573,13.6201592328024
"948",51.4530851379278,1,62.8755365252447,-16.3838683505258
"949",70.6581642421748,1,75.5971868152024,-3.66221806056818
"950",72.1216184519255,1,76.2488175949556,-3.01058728081496
"951",67.6464736347565,1,73.3336240643616,-5.92578081140894
"952",75.272501928042,1,70.2190690053564,-9.04033587041414
"953",69.4835182851052,0,81.8811515699155,2.62174669414497
"954",67.4590629622366,0,83.3303165109911,4.07091163522051
"955",79.2882912575218,0,85.3407788814399,6.08137400566937
"956",49.2979036969852,1,60.046374108882,-19.2130307668885
"957",75.3472224159008,0,91.5896017377925,12.330196862022
"958",68.0147379461816,1,78.706711573911,-0.552693301859577
"959",60.1307590864918,1,68.991543273821,-10.2678616019496
"960",19.8150757171373,1,34.3560690089708,-44.9033358667998
"961",81.1538063904714,0,92.3048492647631,13.0454443889925
"962",77.9738562443216,0,95.7821886463202,16.5227837705496
"963",59.4513076489661,1,64.2499953636592,-15.0094095121113
"964",56.5363046825631,1,64.8782072479268,-14.3811976278437
"965",66.5286579461261,0,79.7547787513879,0.495373875617389
"966",24.8073866478133,1,38.4839878669658,-40.7754170088047
"967",67.3709868075853,1,76.8357043113977,-2.42370056437287
"968",88.6269950922833,0,97.6400777242881,18.3806728485176
"969",65.9646156126804,0,83.3533881620581,4.09398328628754
"970",97.4549226998925,0,97.0033607938133,17.7439559180428
"971",56.852243851358,1,68.0662805948117,-11.1931242809589
"972",49.0197815914862,1,67.3437393767996,-11.9156654989709
"973",71.5838622123449,0,95.320494536908,16.0610896611374
"974",63.2108047627492,1,67.9098997703265,-11.349505105444
"975",51.0631904038725,1,54.3631515113914,-24.8962533643792
"976",66.648331900537,1,72.5745241684687,-6.68488070730183
"977",84.833696331371,0,98.6920062215263,19.4326013457558
"978",82.8860387525411,0,86.9024142583578,7.64300938258724
"979",74.7420159366315,0,84.0573063254309,4.79790144966033
"980",80.2885176869682,1,79.1549560424001,-0.104448833370427
"981",69.1332310262249,0,80.9538432219621,1.69443834619159
"982",73.1459219548121,1,74.0030658893811,-5.25633898638942
"983",82.8852999352498,0,89.2120161373839,9.95261126161334
"984",65.8043423528016,1,72.7135857969491,-6.54581907882141
"985",77.7133100987868,0,83.9859993556388,4.72659447986827
"986",74.3520329907333,1,72.232741153619,-7.02666372215154
"987",61.3018519332978,0,81.1139591599952,1.85455428422466
"988",51.3329158694971,1,53.3915975743953,-25.8678073013752
"989",83.7635503169747,0,85.3426339943268,6.08322911855626
"990",74.4930790271641,1,72.8449387180657,-6.41446615770482
"991",54.1831397745954,1,59.2770399614825,-19.982364914288
"992",62.2386554597815,1,68.6841275300813,-10.5752773456893
"993",71.8597426940204,0,83.1855800601959,3.92617518442532
"994",78.1712512429187,0,80.2448052849011,0.985400409130534
"995",62.9276362964325,1,66.967545374854,-12.2918595009165
"996",74.2073817147647,0,89.406916958555,10.1475120827844
"997",53.260394220576,1,61.685626830492,-17.5737780452786
"998",74.140382952855,0,90.9998366231744,11.7404317474038
"999",59.2543418754494,1,71.001559619607,-8.25784525616356
"1000",63.9570211450352,1,71.9151417543102,-7.34426312146039
